picture_id,id_user,img_url,descript,date_of,id_restaurants
0,3,https://eclectictacoimagebucket.s3-us-west-1.amazonaws.com/spinach-chicken-pomegranate-salad-5938.jpg,Pitcairn Islands Program Sausages Danish Krone,1568302567678,6
1,3,https://eclectictacoimagebucket.s3-us-west-1.amazonaws.com/top-view-photo-of-food-dessert-1099680.jpg,Louisiana calculating strategic Business-focused,1496822759135,3
2,5,https://eclectictacoimagebucket.s3-us-west-1.amazonaws.com/variety-of-cooked-dishes-374052.jpg,Dong North Dakota overriding homogeneous,1541324043916,7
3,3,https://eclectictacoimagebucket.s3-us-west-1.amazonaws.com/barbecue-bbq-beef-cooked-410648.jpg,Licensed Steel Car Afghani RSS Isle,1316094743114,5
4,3,https://eclectictacoimagebucket.s3-us-west-1.amazonaws.com/burger-and-vegetables-placed-on-brown-wood-surface-1565982.jpg,Finland Awesome demand-driven Personal Loan Account,1437608475976,3
5,2,https://eclectictacoimagebucket.s3-us-west-1.amazonaws.com/cooked-food-704569.jpg,Direct Ethiopian Birr Pizza Officer,1318471949869,8
6,4,https://eclectictacoimagebucket.s3-us-west-1.amazonaws.com/top-view-of-food-1640772.jpg,South Dakota mission-critical streamline Integration,1378866540833,3
7,6,https://eclectictacoimagebucket.s3-us-west-1.amazonaws.com/vegetable-sandwich-on-plate-1095550.jpg,Romania Flat circuit Steel,1501818218699,3
8,3,https://eclectictacoimagebucket.s3-us-west-1.amazonaws.com/burger-and-vegetables-placed-on-brown-wood-surface-1565982.jpg,Unbranded Granite Hat Program Table Personal Loan Account,1421887031864,8
9,5,https://eclectictacoimagebucket.s3-us-west-1.amazonaws.com/anise-aroma-art-bazaar-277253.jpg,mint green calculating Brazil protocol,1432618741051,2
10,7,https://eclectictacoimagebucket.s3-us-west-1.amazonaws.com/spinach-chicken-pomegranate-salad-5938.jpg,compressing District Prairie partnerships,1476119858147,3
11,6,https://eclectictacoimagebucket.s3-us-west-1.amazonaws.com/cooked-pasta-on-brown-wooden-bowl-803963.jpg,Texas portals Branch Clothing,1490282098677,0
12,8,https://eclectictacoimagebucket.s3-us-west-1.amazonaws.com/food-restaurant-meal-chicken-106343.jpg,Soft Mississippi deposit haptic,1271520766514,7
13,2,https://eclectictacoimagebucket.s3-us-west-1.amazonaws.com/burrito-chicken-delicious-dinner-461198.jpg,Credit Card Account Refined Riel Investment Account,1454104313916,7
14,2,https://eclectictacoimagebucket.s3-us-west-1.amazonaws.com/plate-of-rice-and-cooked-meat-1624487.jpg,Berkshire Georgia Soft Investment Account,1482838430964,9
15,0,https://eclectictacoimagebucket.s3-us-west-1.amazonaws.com/flat-lay-photography-of-vegetable-salad-on-plate-1640777.jpg,Shoes Industrial HTTP Aruban Guilder,1330681677747,6
16,0,https://eclectictacoimagebucket.s3-us-west-1.amazonaws.com/sliced-vegetable-and-cooked-food-on-white-ceramic-plate-1234535.jpg,Nebraska Kwanza Cheese ivory,1445245618909,0
17,5,https://eclectictacoimagebucket.s3-us-west-1.amazonaws.com/pepperoni-pizza-with-basil-leaves-1260968.jpg,Awesome Fresh Computer Cape Verde emulation Plastic,1533720116563,8
18,7,https://eclectictacoimagebucket.s3-us-west-1.amazonaws.com/food-restaurant-meal-chicken-106343.jpg,5th generation Cook Islands back up whiteboard,1341215775605,8
19,3,https://eclectictacoimagebucket.s3-us-west-1.amazonaws.com/plate-of-rice-and-cooked-meat-1624487.jpg,implement Spurs client-driven Sudan,1388030991663,8
20,4,https://eclectictacoimagebucket.s3-us-west-1.amazonaws.com/pepperoni-pizza-with-basil-leaves-1260968.jpg,withdrawal Walk programming GB,1283760641641,7
21,9,https://eclectictacoimagebucket.s3-us-west-1.amazonaws.com/flat-lay-photography-of-vegetable-salad-on-plate-1640777.jpg,navigating Gorgeous Creative Concrete,1313900395473,1
22,4,https://eclectictacoimagebucket.s3-us-west-1.amazonaws.com/appetizing-bread-breakfast-close-up-357573.jpg,lavender transmitting Investor Ethiopian Birr,1413192272719,8
23,2,https://eclectictacoimagebucket.s3-us-west-1.amazonaws.com/slice-of-loaf-bread-with-dog-face-920220.jpg,Implementation white Plain Yemen,1311272384669,1
24,8,https://eclectictacoimagebucket.s3-us-west-1.amazonaws.com/vegetable-sandwich-on-plate-1095550.jpg,generating Handcrafted Frozen Cheese Canadian Dollar Checking Account,1462984812986,7
25,4,https://eclectictacoimagebucket.s3-us-west-1.amazonaws.com/burrito-chicken-delicious-dinner-461198.jpg,"Shirt SQL Virgin Islands, British Keyboard",1473859240576,7
26,5,https://eclectictacoimagebucket.s3-us-west-1.amazonaws.com/asparagus-barbecue-cuisine-delicious-361184.jpg,Turkish Lira discrete Bypass copy,1555651015920,0
27,5,https://eclectictacoimagebucket.s3-us-west-1.amazonaws.com/plate-of-rice-and-cooked-meat-1624487.jpg,Directives Cotton core Accounts,1367365592512,3
28,1,https://eclectictacoimagebucket.s3-us-west-1.amazonaws.com/pepperoni-pizza-803290.jpg,contingency Savings Account cross-media Texas,1467524172983,8
29,3,https://eclectictacoimagebucket.s3-us-west-1.amazonaws.com/sliced-vegetable-and-cooked-food-on-white-ceramic-plate-1234535.jpg,Optimized action-items Steel Ethiopia,1381998883113,1
30,6,https://eclectictacoimagebucket.s3-us-west-1.amazonaws.com/vegetable-sandwich-on-plate-1095550.jpg,Florida PNG hard drive expedite,1491376552424,6
31,9,https://eclectictacoimagebucket.s3-us-west-1.amazonaws.com/variety-of-cooked-dishes-374052.jpg,Berkshire Chips Profit-focused Research,1423209427637,1
32,4,https://eclectictacoimagebucket.s3-us-west-1.amazonaws.com/close-up-photo-of-man-cooking-meat-1482803.jpg,compressing responsive Manager Soft,1347951012157,2
33,8,https://eclectictacoimagebucket.s3-us-west-1.amazonaws.com/sliced-tomato-with-green-vegetables-in-brown-saucer-1639556.jpg,Regional initiative models Industrial,1380152204563,2
34,7,https://eclectictacoimagebucket.s3-us-west-1.amazonaws.com/vegetable-sandwich-on-plate-1095550.jpg,Egyptian Pound Computer asymmetric Bedfordshire,1332974265711,2
35,0,https://eclectictacoimagebucket.s3-us-west-1.amazonaws.com/spinach-chicken-pomegranate-salad-5938.jpg,Grass-roots streamline Brooks Keyboard,1350237004578,7
36,2,https://eclectictacoimagebucket.s3-us-west-1.amazonaws.com/asparagus-barbecue-cuisine-delicious-361184.jpg,Awesome Concrete Chair Tonga Berkshire SQL,1419989126329,2
37,6,https://eclectictacoimagebucket.s3-us-west-1.amazonaws.com/club-sandwich-served-on-chopping-board-1600711.jpg,Health back-end systems Burgs,1315063119346,1
38,1,https://eclectictacoimagebucket.s3-us-west-1.amazonaws.com/pepperoni-pizza-803290.jpg,Berkshire Plastic Berkshire Sleek Metal Ball,1579378316793,7
39,4,https://eclectictacoimagebucket.s3-us-west-1.amazonaws.com/blur-breakfast-close-up-dairy-product-376464.jpg,Cambridgeshire Guyana Dollar Gorgeous deposit,1576138760821,3
40,2,https://eclectictacoimagebucket.s3-us-west-1.amazonaws.com/spinach-chicken-pomegranate-salad-5938.jpg,tan UAE Dirham e-business circuit,1544723743948,4
41,4,https://eclectictacoimagebucket.s3-us-west-1.amazonaws.com/selective-focus-photography-of-beef-steak-with-sauce-675951.jpg,Gloves Strategist collaboration Global,1476016930282,2
42,0,https://eclectictacoimagebucket.s3-us-west-1.amazonaws.com/round-white-and-blue-ceramic-bowl-with-cooked-ball-soup-and-955137.jpg,Greens budgetary management Branding SSL,1349398070291,1
43,8,https://eclectictacoimagebucket.s3-us-west-1.amazonaws.com/selective-focus-photography-of-beef-steak-with-sauce-675951.jpg,Cambridgeshire calculating Concrete Sleek,1384930395780,2
44,3,https://eclectictacoimagebucket.s3-us-west-1.amazonaws.com/close-up-photo-of-man-cooking-meat-1482803.jpg,Designer withdrawal turquoise Fresh,1463377804271,0
45,3,https://eclectictacoimagebucket.s3-us-west-1.amazonaws.com/selective-focus-photography-of-beef-steak-with-sauce-675951.jpg,Branding FTP Port well-modulated,1394391868706,5
46,4,https://eclectictacoimagebucket.s3-us-west-1.amazonaws.com/barbecue-bbq-beef-cooked-410648.jpg,harness Landing copy Harbors,1534849222992,8
47,1,https://eclectictacoimagebucket.s3-us-west-1.amazonaws.com/apricot-fruits-on-bowl-1028599.jpg,quantify Direct Euro mobile,1353091057878,5
48,8,https://eclectictacoimagebucket.s3-us-west-1.amazonaws.com/vegetable-sandwich-on-plate-1095550.jpg,solid state transitional methodologies Director,1463581445605,9
49,9,https://eclectictacoimagebucket.s3-us-west-1.amazonaws.com/flat-lay-photography-of-vegetable-salad-on-plate-1640777.jpg,Rubber e-enable Configuration Unbranded Concrete Hat,1393641251710,8
50,2,https://eclectictacoimagebucket.s3-us-west-1.amazonaws.com/asparagus-barbecue-cuisine-delicious-361184.jpg,Guyana Dollar GB solid state cross-platform,1532447296995,1
51,6,https://eclectictacoimagebucket.s3-us-west-1.amazonaws.com/burger-and-vegetables-placed-on-brown-wood-surface-1565982.jpg,Lodge Future-proofed Maine Auto Loan Account,1503809408040,2
52,8,https://eclectictacoimagebucket.s3-us-west-1.amazonaws.com/variety-of-cooked-dishes-374052.jpg,neutral local area network contextually-based infrastructures,1414620571501,6
53,1,https://eclectictacoimagebucket.s3-us-west-1.amazonaws.com/close-up-photo-of-a-cheese-burger-1633578.jpg,Sleek Cotton Pizza invoice Self-enabling compress,1517883392563,7
54,2,https://eclectictacoimagebucket.s3-us-west-1.amazonaws.com/pepperoni-pizza-with-basil-leaves-1260968.jpg,optimal Senior input navigate,1375226451078,4
55,1,https://eclectictacoimagebucket.s3-us-west-1.amazonaws.com/top-view-photo-of-food-dessert-1099680.jpg,Shoes JSON instruction set deliverables,1451689491902,4
56,1,https://eclectictacoimagebucket.s3-us-west-1.amazonaws.com/burger-and-vegetables-placed-on-brown-wood-surface-1565982.jpg,Incredible Concrete Shirt Intelligent Soft Soap solid state program,1407861148251,3
57,0,https://eclectictacoimagebucket.s3-us-west-1.amazonaws.com/close-up-photo-of-a-cheese-burger-1633578.jpg,Implemented Industrial SQL web-enabled,1570931377186,0
58,7,https://eclectictacoimagebucket.s3-us-west-1.amazonaws.com/cooked-pasta-on-brown-wooden-bowl-803963.jpg,SMTP Salad Louisiana card,1330831889559,6
59,7,https://eclectictacoimagebucket.s3-us-west-1.amazonaws.com/pasta-with-vegetable-dish-on-gray-plate-beside-tomato-fruit-769969.jpg,Cook Islands Handcrafted revolutionary Practical,1276766454825,5
60,6,https://eclectictacoimagebucket.s3-us-west-1.amazonaws.com/variety-of-cooked-dishes-374052.jpg,salmon transmitting Credit Card Account Persevering,1566188459479,3
61,0,https://eclectictacoimagebucket.s3-us-west-1.amazonaws.com/slice-of-loaf-bread-with-dog-face-920220.jpg,Awesome front-end implementation Comoro Franc,1328359978467,8
62,1,https://eclectictacoimagebucket.s3-us-west-1.amazonaws.com/selective-focus-photography-of-pasta-with-tomato-and-basil-1279330.jpg,Handmade leverage Macedonia Industrial,1395390364147,6
63,5,https://eclectictacoimagebucket.s3-us-west-1.amazonaws.com/pepperoni-pizza-803290.jpg,Handmade frictionless Pants reboot,1578639891675,9
64,9,https://eclectictacoimagebucket.s3-us-west-1.amazonaws.com/barbecue-bbq-beef-cooked-410648.jpg,Azerbaijanian Manat green Checking Account cross-platform,1351805962741,2
65,4,https://eclectictacoimagebucket.s3-us-west-1.amazonaws.com/barbecue-bbq-beef-cooked-410648.jpg,Awesome Concrete Chair Senior PNG Wall,1573496543768,8
66,2,https://eclectictacoimagebucket.s3-us-west-1.amazonaws.com/flat-lay-photography-of-vegetable-salad-on-plate-1640777.jpg,Movies Awesome moderator Soft,1531428099101,4
67,2,https://eclectictacoimagebucket.s3-us-west-1.amazonaws.com/appetizing-bread-breakfast-close-up-357573.jpg,Indiana quantify function backing up,1479040136389,6
68,5,https://eclectictacoimagebucket.s3-us-west-1.amazonaws.com/vegetable-sandwich-on-plate-1095550.jpg,maroon copying Terrace Intelligent,1386665848571,2
69,2,https://eclectictacoimagebucket.s3-us-west-1.amazonaws.com/close-up-photo-of-a-cheese-burger-1633578.jpg,Fresh parsing Glens FTP,1570230702132,9
70,5,https://eclectictacoimagebucket.s3-us-west-1.amazonaws.com/blur-breakfast-close-up-dairy-product-376464.jpg,Alley alarm Guarani zero defect,1269400687839,1
71,7,https://eclectictacoimagebucket.s3-us-west-1.amazonaws.com/blur-breakfast-close-up-dairy-product-376464.jpg,AI cyan mint green Fish,1331550113711,8
72,4,https://eclectictacoimagebucket.s3-us-west-1.amazonaws.com/top-view-of-food-1640772.jpg,SAS open-source Handmade Soft Chicken Passage,1490508633040,4
73,1,https://eclectictacoimagebucket.s3-us-west-1.amazonaws.com/close-up-photo-of-a-cheese-burger-1633578.jpg,Auto Loan Account Group payment Robust,1328584268657,1
74,2,https://eclectictacoimagebucket.s3-us-west-1.amazonaws.com/cooked-food-704569.jpg,Monitored Handmade Fresh Shirt users Avon,1356169821923,6
75,2,https://eclectictacoimagebucket.s3-us-west-1.amazonaws.com/top-view-photo-of-food-dessert-1099680.jpg,Plastic Pants Fresh Health,1580473789761,3
76,4,https://eclectictacoimagebucket.s3-us-west-1.amazonaws.com/top-view-photo-of-food-dessert-1099680.jpg,payment Movies Assurance payment,1459207930169,8
77,1,https://eclectictacoimagebucket.s3-us-west-1.amazonaws.com/black-frying-pan-with-spaghetti-sauce-near-brown-wooden-691114.jpg,project Optimization cross-platform CSS,1540018153440,6
78,9,https://eclectictacoimagebucket.s3-us-west-1.amazonaws.com/sliced-vegetable-and-cooked-food-on-white-ceramic-plate-1234535.jpg,Frozen deposit customer loyalty Way,1502806631645,0
79,9,https://eclectictacoimagebucket.s3-us-west-1.amazonaws.com/plate-of-rice-and-cooked-meat-1624487.jpg,Nevada Frozen demand-driven AGP,1495955194707,0
80,7,https://eclectictacoimagebucket.s3-us-west-1.amazonaws.com/flat-lay-photography-of-vegetable-salad-on-plate-1640777.jpg,strategize Savings Account Avon installation,1397627837526,2
81,0,https://eclectictacoimagebucket.s3-us-west-1.amazonaws.com/pepperoni-pizza-with-basil-leaves-1260968.jpg,optimize Ethiopia turn-key back up,1530220230263,3
82,7,https://eclectictacoimagebucket.s3-us-west-1.amazonaws.com/flat-lay-photography-of-vegetable-salad-on-plate-1640777.jpg,Money Market Account Fresh hybrid North Korean Won,1291199399942,1
83,5,https://eclectictacoimagebucket.s3-us-west-1.amazonaws.com/asparagus-barbecue-cuisine-delicious-361184.jpg,reboot visionary synergize Tasty,1560971413913,7
84,7,https://eclectictacoimagebucket.s3-us-west-1.amazonaws.com/cooked-food-704569.jpg,Optimization Tonga mobile COM,1308758775841,5
85,5,https://eclectictacoimagebucket.s3-us-west-1.amazonaws.com/round-white-and-blue-ceramic-bowl-with-cooked-ball-soup-and-955137.jpg,Ergonomic Ridge Personal Loan Account HDD,1376579235124,9
86,8,https://eclectictacoimagebucket.s3-us-west-1.amazonaws.com/close-up-photo-of-a-cheese-burger-1633578.jpg,aggregate infomediaries Idaho Tunnel,1565262632873,2
87,1,https://eclectictacoimagebucket.s3-us-west-1.amazonaws.com/top-view-photo-of-food-dessert-1099680.jpg,Station asymmetric software Tasty,1298825070444,6
88,5,https://eclectictacoimagebucket.s3-us-west-1.amazonaws.com/slice-of-loaf-bread-with-dog-face-920220.jpg,parsing Usability Central Automotive,1308314488243,5
89,2,https://eclectictacoimagebucket.s3-us-west-1.amazonaws.com/appetizing-bread-breakfast-close-up-357573.jpg,Generic Fresh Ball Avon Garden methodologies,1427020964999,5
90,5,https://eclectictacoimagebucket.s3-us-west-1.amazonaws.com/selective-focus-photography-of-pasta-with-tomato-and-basil-1279330.jpg,Virtual primary Steel web-enabled,1543660969516,3
91,2,https://eclectictacoimagebucket.s3-us-west-1.amazonaws.com/pasta-with-vegetable-dish-on-gray-plate-beside-tomato-fruit-769969.jpg,pink Investor granular Kentucky,1504148798490,2
92,2,https://eclectictacoimagebucket.s3-us-west-1.amazonaws.com/sliced-vegetable-and-cooked-food-on-white-ceramic-plate-1234535.jpg,IB Ergonomic solid state SDD,1522225680304,8
93,7,https://eclectictacoimagebucket.s3-us-west-1.amazonaws.com/sliced-vegetable-and-cooked-food-on-white-ceramic-plate-1234535.jpg,generate Ferry Terrace virtual,1404985539451,6
94,7,https://eclectictacoimagebucket.s3-us-west-1.amazonaws.com/variety-of-cooked-dishes-374052.jpg,bypass Credit Card Account national Buckinghamshire,1417373841833,7
95,6,https://eclectictacoimagebucket.s3-us-west-1.amazonaws.com/food-dinner-lunch-unhealthy-70497.jpg,Northern Mariana Islands technologies haptic JBOD,1444636972557,9
96,5,https://eclectictacoimagebucket.s3-us-west-1.amazonaws.com/club-sandwich-served-on-chopping-board-1600711.jpg,invoice Heights functionalities National,1336561054494,1
97,0,https://eclectictacoimagebucket.s3-us-west-1.amazonaws.com/club-sandwich-served-on-chopping-board-1600711.jpg,Taka Shoes program Executive,1326932535586,4
98,6,https://eclectictacoimagebucket.s3-us-west-1.amazonaws.com/variety-of-cooked-dishes-374052.jpg,groupware primary incentivize sensor,1289679379680,2
99,5,https://eclectictacoimagebucket.s3-us-west-1.amazonaws.com/spinach-chicken-pomegranate-salad-5938.jpg,New Zealand Dollar purple empower initiatives,1298496861712,0
